ProductGroupCode,ProductGroupDesc,CPMaturity,FGMaturity,ImpactGeneratedDate,InputProduct,InputMaterial,FG,ChangeSpecificRequirement,CP,CustomerGroupCode,CustomerGroupDesc,CustomerShipToCode,FSEName,FSEemail,IndustryDomainCode,BUCode,BUDesc,CustomerDesc,CustomerCode,IndustryDomainDesc,ActivityStatusCode
14                  ,AMS,30,60,Tue Mar 27 00:00:00 IST 2018,FV656AEG,FG,LNG3DMTR-7CG/   ,N,LNG3DMTR        ,0098,WINTECH,5700071001,KEVIN KUANG,1kevin.kuang@st.com,,M1                  ,MEMS AXL Cristallo In 3X3,WT/WISTRON,57000710,,30,
14                  ,AMS,30,60,Tue Mar 27 00:00:00 IST 2018,FV656AEG,FG,LNG3DMTR-7CG/   ,N,LNG3DMTR        ,0098,WINTECH,5700071101,MEG CHEN,1meg.chen@st.com,,M1                  ,MEMS AXL Cristallo In 3X3,WT/QUANTA,57000711,,30,
14                  ,AMS,30,60,Tue Mar 27 00:00:00 IST 2018,FV656AEG,FG,LNG3DMTR-7CG/   ,N,LNG3DMTR        ,0098,WINTECH,5700071201,ERIC HUNG,1eric.hung@st.com,,M1                  ,MEMS AXL Cristallo In 3X3,WT/PEGATRON,57000712,,30,
14                  ,AMS,30,60,Tue Mar 27 00:00:00 IST 2018,FV656AEG,FG,LNG3DMTR-7CG/   ,N,LNG3DMTR        ,0098,WINTECH,8017134001,SKY ZHANG,1sky.zhang@st.com,,M1                  ,MEMS AXL Cristallo In 3X3,WT/HKCN,80171340,,30,
14                  ,AMS,30,60,Tue Mar 27 00:00:00 IST 2018,FV656AEG,FG,LNG3DMTR-7CG/   ,N,LNG3DMTR        ,0098,WINTECH,805703400B,KEVIN KUANG,1kevin.kuang@st.com,,M1                  ,MEMS AXL Cristallo In 3X3,WT/TWN,80570340,,30,
14                  ,AMS,30,60,Tue Mar 27 00:00:00 IST 2018,FV656AEG,FG,LNG3DMTR-7CG/   ,N,LNG3DMTR        ,0098,WINTECH,8057034020,ARIAN CHWU,1arian.chwu@st.com,,M1                  ,MEMS AXL Cristallo In 3X3,WT/TWN,80570340,,30,